Datum,Verdamping_mm
1995-01-01,0.18
1995-01-02,0.23
1995-01-03,0.2
1995-01-04,0.22
1995-01-05,0.16
1995-01-06,0.14
1995-01-07,0.2
1995-01-08,0.19
1995-01-09,0.23
1995-01-10,0.2
1995-01-11,0.21
1995-01-12,0.14
1995-01-13,0.28
1995-01-14,0.19
1995-01-15,0.23
1995-01-16,0.17
1995-01-17,0.21
1995-01-18,0.15
1995-01-19,0.22
1995-01-20,0.19
1995-01-21,0.2
1995-01-22,0.23
1995-01-23,0.15
1995-01-24,0.17
1995-01-25,0.22
1995-01-26,0.28
1995-01-27,0.19
1995-01-28,0.22
1995-01-29,0.2
1995-01-30,0.28
1995-01-31,0.13
1995-02-01,0.47
1995-02-02,0.36
1995-02-03,0.45
1995-02-04,0.28
1995-02-05,0.41
1995-02-06,0.44
1995-02-07,0.54
1995-02-08,0.34
1995-02-09,0.3
1995-02-10,0.33
1995-02-11,0.29
1995-02-12,0.51
1995-02-13,0.52
1995-02-14,0.43
1995-02-15,0.5
1995-02-16,0.41
1995-02-17,0.39
1995-02-18,0.37
1995-02-19,0.38
1995-02-20,0.28
1995-02-21,0.42
1995-02-22,0.4
1995-02-23,0.46
1995-02-24,0.41
1995-02-25,0.39
1995-02-26,0.33
1995-02-27,0.41
1995-02-28,0.46
1995-03-01,0.79
1995-03-02,0.73
1995-03-03,1.15
1995-03-04,0.58
1995-03-05,0.95
1995-03-06,1.43
1995-03-07,0.69
1995-03-08,0.6
1995-03-09,0.7
1995-03-10,1.18
1995-03-11,1.22
1995-03-12,0.9
1995-03-13,1.14
1995-03-14,1.28
1995-03-15,1.36
1995-03-16,0.95
1995-03-17,0.54
1995-03-18,0.84
1995-03-19,0.91
1995-03-20,0.95
1995-03-21,0.96
1995-03-22,1.22
1995-03-23,1.25
1995-03-24,0.97
1995-03-25,1.22
1995-03-26,1.07
1995-03-27,1.01
1995-03-28,1.18
1995-03-29,1.01
1995-03-30,1.41
1995-03-31,0.71
1995-04-01,1.57
1995-04-02,2.11
1995-04-03,0.83
1995-04-04,1.54
1995-04-05,1.47
1995-04-06,1.35
1995-04-07,1.72
1995-04-08,1.94
1995-04-09,2.05
1995-04-10,1.89
1995-04-11,1.56
1995-04-12,1.93
1995-04-13,1.84
1995-04-14,2.14
1995-04-15,2.08
1995-04-16,1.81
1995-04-17,1.48
1995-04-18,1.56
1995-04-19,1.6
1995-04-20,1.69
1995-04-21,1.9
1995-04-22,2.06
1995-04-23,1.78
1995-04-24,1.81
1995-04-25,1.85
1995-04-26,1.61
1995-04-27,1.47
1995-04-28,1.17
1995-04-29,1.55
1995-04-30,1.97
1995-05-01,2.93
1995-05-02,3.08
1995-05-03,2.61
1995-05-04,2.91
1995-05-05,3.1
1995-05-06,2.48
1995-05-07,2.76
1995-05-08,2.77
1995-05-09,3.26
1995-05-10,2.2
1995-05-11,2.77
1995-05-12,3.87
1995-05-13,3.45
1995-05-14,3.56
1995-05-15,2.81
1995-05-16,2.98
1995-05-17,3.36
1995-05-18,3.67
1995-05-19,1.71
1995-05-20,2.06
1995-05-21,3.53
1995-05-22,2.64
1995-05-23,2.42
1995-05-24,2.1
1995-05-25,2.49
1995-05-26,2.01
1995-05-27,3.97
1995-05-28,2.79
1995-05-29,2.77
1995-05-30,3.13
1995-05-31,3.34
1995-06-01,3.67
1995-06-02,4.13
1995-06-03,3.34
1995-06-04,4.51
1995-06-05,3.01
1995-06-06,2.76
1995-06-07,3.45
1995-06-08,3.44
1995-06-09,4.04
1995-06-10,2.96
1995-06-11,4.46
1995-06-12,4.88
1995-06-13,3.47
1995-06-14,4.37
1995-06-15,2.76
1995-06-16,4.25
1995-06-17,4.23
1995-06-18,4.1
1995-06-19,3.49
1995-06-20,1.43
1995-06-21,3.05
1995-06-22,3.06
1995-06-23,2.82
1995-06-24,3.59
1995-06-25,3.21
1995-06-26,2.92
1995-06-27,2.76
1995-06-28,3.0
1995-06-29,4.29
1995-06-30,3.04
1995-07-01,3.72
1995-07-02,3.23
1995-07-03,4.8
1995-07-04,3.16
1995-07-05,2.66
1995-07-06,2.11
1995-07-07,3.68
1995-07-08,3.28
1995-07-09,2.64
1995-07-10,4.58
1995-07-11,4.19
1995-07-12,3.68
1995-07-13,4.71
1995-07-14,4.19
1995-07-15,3.09
1995-07-16,2.93
1995-07-17,4.31
1995-07-18,3.99
1995-07-19,3.83
1995-07-20,3.07
1995-07-21,4.15
1995-07-22,3.14
1995-07-23,3.62
1995-07-24,4.77
1995-07-25,3.21
1995-07-26,2.54
1995-07-27,2.92
1995-07-28,4.44
1995-07-29,3.89
1995-07-30,3.6
1995-07-31,3.32
1995-08-01,3.05
1995-08-02,4.02
1995-08-03,3.16
1995-08-04,3.29
1995-08-05,3.5
1995-08-06,3.95
1995-08-07,2.14
1995-08-08,3.57
1995-08-09,3.03
1995-08-10,3.31
1995-08-11,3.88
1995-08-12,2.44
1995-08-13,2.55
1995-08-14,1.96
1995-08-15,2.85
1995-08-16,4.05
1995-08-17,3.12
1995-08-18,2.34
1995-08-19,2.89
1995-08-20,2.25
1995-08-21,2.48
1995-08-22,3.45
1995-08-23,2.45
1995-08-24,3.91
1995-08-25,3.15
1995-08-26,3.25
1995-08-27,3.02
1995-08-28,3.69
1995-08-29,3.7
1995-08-30,3.41
1995-08-31,3.56
1995-09-01,2.02
1995-09-02,2.17
1995-09-03,2.24
1995-09-04,2.25
1995-09-05,2.64
1995-09-06,2.48
1995-09-07,3.11
1995-09-08,3.17
1995-09-09,2.24
1995-09-10,0.51
1995-09-11,2.74
1995-09-12,1.96
1995-09-13,1.85
1995-09-14,2.02
1995-09-15,2.0
1995-09-16,2.47
1995-09-17,1.51
1995-09-18,1.73
1995-09-19,2.35
1995-09-20,2.47
1995-09-21,2.48
1995-09-22,1.85
1995-09-23,1.77
1995-09-24,1.98
1995-09-25,2.31
1995-09-26,2.85
1995-09-27,1.3
1995-09-28,2.1
1995-09-29,1.61
1995-09-30,1.47
1995-10-01,0.89
1995-10-02,1.08
1995-10-03,0.98
1995-10-04,0.88
1995-10-05,1.26
1995-10-06,1.22
1995-10-07,1.37
1995-10-08,0.71
1995-10-09,1.33
1995-10-10,1.65
1995-10-11,1.0
1995-10-12,1.52
1995-10-13,1.04
1995-10-14,0.8
1995-10-15,1.03
1995-10-16,1.33
1995-10-17,0.92
1995-10-18,0.97
1995-10-19,1.23
1995-10-20,1.1
1995-10-21,1.23
1995-10-22,1.15
1995-10-23,1.21
1995-10-24,1.0
1995-10-25,1.15
1995-10-26,0.9
1995-10-27,1.38
1995-10-28,0.96
1995-10-29,1.35
1995-10-30,1.05
1995-10-31,1.14
1995-11-01,0.31
1995-11-02,0.44
1995-11-03,0.45
1995-11-04,0.43
1995-11-05,0.24
1995-11-06,0.33
1995-11-07,0.4
1995-11-08,0.44
1995-11-09,0.46
1995-11-10,0.41
1995-11-11,0.43
1995-11-12,0.41
1995-11-13,0.45
1995-11-14,0.43
1995-11-15,0.41
1995-11-16,0.38
1995-11-17,0.41
1995-11-18,0.44
1995-11-19,0.42
1995-11-20,0.43
1995-11-21,0.51
1995-11-22,0.42
1995-11-23,0.35
1995-11-24,0.47
1995-11-25,0.29
1995-11-26,0.31
1995-11-27,0.43
1995-11-28,0.44
1995-11-29,0.3
1995-11-30,0.37
1995-12-01,0.12
1995-12-02,0.11
1995-12-03,0.13
1995-12-04,0.08
1995-12-05,0.09
1995-12-06,0.12
1995-12-07,0.11
1995-12-08,0.13
1995-12-09,0.11
1995-12-10,0.14
1995-12-11,0.11
1995-12-12,0.12
1995-12-13,0.09
1995-12-14,0.1
1995-12-15,0.12
1995-12-16,0.13
1995-12-17,0.11
1995-12-18,0.1
1995-12-19,0.13
1995-12-20,0.06
1995-12-21,0.07
1995-12-22,0.11
1995-12-23,0.1
1995-12-24,0.11
1995-12-25,0.1
1995-12-26,0.11
1995-12-27,0.08
1995-12-28,0.11
1995-12-29,0.12
1995-12-30,0.12
1995-12-31,0.14
1996-01-01,0.2
1996-01-02,0.13
1996-01-03,0.1
1996-01-04,0.21
1996-01-05,0.21
1996-01-06,0.19
1996-01-07,0.2
1996-01-08,0.32
1996-01-09,0.19
1996-01-10,0.22
1996-01-11,0.17
1996-01-12,0.21
1996-01-13,0.19
1996-01-14,0.18
1996-01-15,0.27
1996-01-16,0.25
1996-01-17,0.21
1996-01-18,0.11
1996-01-19,0.19
1996-01-20,0.31
1996-01-21,0.19
1996-01-22,0.24
1996-01-23,0.26
1996-01-24,0.21
1996-01-25,0.17
1996-01-26,0.1
1996-01-27,0.23
1996-01-28,0.17
1996-01-29,0.21
1996-01-30,0.15
1996-01-31,0.19
1996-02-01,0.31
1996-02-02,0.41
1996-02-03,0.42
1996-02-04,0.34
1996-02-05,0.35
1996-02-06,0.42
1996-02-07,0.31
1996-02-08,0.43
1996-02-09,0.33
1996-02-10,0.49
1996-02-11,0.59
1996-02-12,0.33
1996-02-13,0.44
1996-02-14,0.34
1996-02-15,0.48
1996-02-16,0.3
1996-02-17,0.44
1996-02-18,0.33
1996-02-19,0.38
1996-02-20,0.32
1996-02-21,0.47
1996-02-22,0.33
1996-02-23,0.44
1996-02-24,0.37
1996-02-25,0.39
1996-02-26,0.41
1996-02-27,0.34
1996-02-28,0.42
1996-02-29,0.52
1996-03-01,0.9
1996-03-02,0.97
1996-03-03,1.09
1996-03-04,1.25
1996-03-05,1.0
1996-03-06,0.72
1996-03-07,1.17
1996-03-08,1.15
1996-03-09,0.61
1996-03-10,1.0
1996-03-11,0.68
1996-03-12,0.87
1996-03-13,0.82
1996-03-14,1.16
1996-03-15,1.02
1996-03-16,0.74
1996-03-17,1.18
1996-03-18,0.71
1996-03-19,1.07
1996-03-20,0.84
1996-03-21,0.93
1996-03-22,1.1
1996-03-23,1.1
1996-03-24,1.27
1996-03-25,0.98
1996-03-26,1.06
1996-03-27,0.91
1996-03-28,1.04
1996-03-29,1.09
1996-03-30,0.98
1996-03-31,0.64
1996-04-01,1.55
1996-04-02,1.71
1996-04-03,1.97
1996-04-04,1.99
1996-04-05,1.41
1996-04-06,2.16
1996-04-07,2.21
1996-04-08,1.39
1996-04-09,1.5
1996-04-10,2.23
1996-04-11,1.75
1996-04-12,1.0
1996-04-13,1.3
1996-04-14,1.71
1996-04-15,1.38
1996-04-16,1.65
1996-04-17,1.81
1996-04-18,2.33
1996-04-19,1.7
1996-04-20,2.19
1996-04-21,2.31
1996-04-22,2.32
1996-04-23,1.9
1996-04-24,1.09
1996-04-25,1.97
1996-04-26,2.18
1996-04-27,1.77
1996-04-28,2.43
1996-04-29,2.11
1996-04-30,2.0
1996-05-01,3.33
1996-05-02,3.4
1996-05-03,2.45
1996-05-04,2.63
1996-05-05,3.23
1996-05-06,2.5
1996-05-07,2.8
1996-05-08,3.02
1996-05-09,3.24
1996-05-10,1.8
1996-05-11,3.2
1996-05-12,2.67
1996-05-13,3.2
1996-05-14,3.24
1996-05-15,3.7
1996-05-16,3.56
1996-05-17,3.55
1996-05-18,3.61
1996-05-19,2.96
1996-05-20,2.82
1996-05-21,3.29
1996-05-22,3.21
1996-05-23,2.63
1996-05-24,3.03
1996-05-25,2.78
1996-05-26,2.32
1996-05-27,3.52
1996-05-28,2.83
1996-05-29,3.95
1996-05-30,1.89
1996-05-31,2.49
1996-06-01,3.14
1996-06-02,3.18
1996-06-03,3.74
1996-06-04,3.82
1996-06-05,1.37
1996-06-06,4.22
1996-06-07,4.51
1996-06-08,2.76
1996-06-09,2.82
1996-06-10,3.18
1996-06-11,2.97
1996-06-12,3.66
1996-06-13,2.14
1996-06-14,2.72
1996-06-15,4.58
1996-06-16,2.85
1996-06-17,4.37
1996-06-18,3.75
1996-06-19,2.23
1996-06-20,3.94
1996-06-21,3.42
1996-06-22,3.18
1996-06-23,3.67
1996-06-24,3.83
1996-06-25,4.0
1996-06-26,4.32
1996-06-27,3.79
1996-06-28,2.54
1996-06-29,3.17
1996-06-30,5.56
1996-07-01,4.06
1996-07-02,3.07
1996-07-03,3.93
1996-07-04,3.16
1996-07-05,3.04
1996-07-06,3.23
1996-07-07,3.42
1996-07-08,3.66
1996-07-09,3.87
1996-07-10,0.97
1996-07-11,3.1
1996-07-12,3.41
1996-07-13,4.81
1996-07-14,2.9
1996-07-15,3.82
1996-07-16,4.81
1996-07-17,2.73
1996-07-18,3.99
1996-07-19,3.11
1996-07-20,3.33
1996-07-21,3.11
1996-07-22,3.16
1996-07-23,5.71
1996-07-24,4.32
1996-07-25,4.52
1996-07-26,4.06
1996-07-27,2.51
1996-07-28,3.99
1996-07-29,4.49
1996-07-30,3.07
1996-07-31,4.41
1996-08-01,3.06
1996-08-02,3.55
1996-08-03,2.98
1996-08-04,3.2
1996-08-05,3.02
1996-08-06,2.91
1996-08-07,2.76
1996-08-08,3.5
1996-08-09,4.04
1996-08-10,3.95
1996-08-11,2.4
1996-08-12,4.03
1996-08-13,3.0
1996-08-14,3.58
1996-08-15,2.62
1996-08-16,3.29
1996-08-17,3.4
1996-08-18,2.25
1996-08-19,3.59
1996-08-20,4.06
1996-08-21,3.09
1996-08-22,4.07
1996-08-23,3.08
1996-08-24,3.74
1996-08-25,1.78
1996-08-26,4.75
1996-08-27,4.16
1996-08-28,3.02
1996-08-29,1.94
1996-08-30,3.38
1996-08-31,2.28
1996-09-01,2.63
1996-09-02,2.44
1996-09-03,2.4
1996-09-04,2.61
1996-09-05,1.99
1996-09-06,2.01
1996-09-07,3.16
1996-09-08,2.09
1996-09-09,2.52
1996-09-10,2.2
1996-09-11,1.39
1996-09-12,1.3
1996-09-13,1.95
1996-09-14,2.66
1996-09-15,2.55
1996-09-16,2.6
1996-09-17,1.77
1996-09-18,2.91
1996-09-19,1.78
1996-09-20,2.29
1996-09-21,2.2
1996-09-22,2.12
1996-09-23,2.79
1996-09-24,1.89
1996-09-25,1.61
1996-09-26,2.21
1996-09-27,2.02
1996-09-28,3.69
1996-09-29,2.5
1996-09-30,2.02
1996-10-01,0.99
1996-10-02,0.88
1996-10-03,0.72
1996-10-04,0.87
1996-10-05,1.03
1996-10-06,1.15
1996-10-07,1.32
1996-10-08,1.0
1996-10-09,0.91
1996-10-10,0.78
1996-10-11,1.21
1996-10-12,1.4
1996-10-13,1.38
1996-10-14,1.26
1996-10-15,1.24
1996-10-16,1.47
1996-10-17,1.17
1996-10-18,1.24
1996-10-19,1.03
1996-10-20,0.8
1996-10-21,0.95
1996-10-22,1.1
1996-10-23,1.11
1996-10-24,1.52
1996-10-25,1.12
1996-10-26,1.36
1996-10-27,1.0
1996-10-28,1.03
1996-10-29,0.81
1996-10-30,0.94
1996-10-31,1.22
1996-11-01,0.35
1996-11-02,0.36
1996-11-03,0.48
1996-11-04,0.46
1996-11-05,0.4
1996-11-06,0.36
1996-11-07,0.29
1996-11-08,0.51
1996-11-09,0.45
1996-11-10,0.34
1996-11-11,0.46
1996-11-12,0.39
1996-11-13,0.38
1996-11-14,0.43
1996-11-15,0.34
1996-11-16,0.37
1996-11-17,0.41
1996-11-18,0.36
1996-11-19,0.45
1996-11-20,0.55
1996-11-21,0.34
1996-11-22,0.27
1996-11-23,0.24
1996-11-24,0.39
1996-11-25,0.35
1996-11-26,0.42
1996-11-27,0.41
1996-11-28,0.27
1996-11-29,0.25
1996-11-30,0.42
1996-12-01,0.1
1996-12-02,0.11
1996-12-03,0.07
1996-12-04,0.09
1996-12-05,0.1
1996-12-06,0.12
1996-12-07,0.09
1996-12-08,0.12
1996-12-09,0.1
1996-12-10,0.1
1996-12-11,0.1
1996-12-12,0.09
1996-12-13,0.09
1996-12-14,0.07
1996-12-15,0.1
1996-12-16,0.09
1996-12-17,0.09
1996-12-18,0.11
1996-12-19,0.11
1996-12-20,0.1
1996-12-21,0.12
1996-12-22,0.11
1996-12-23,0.09
1996-12-24,0.09
1996-12-25,0.11
1996-12-26,0.11
1996-12-27,0.13
1996-12-28,0.12
1996-12-29,0.09
1996-12-30,0.1
1996-12-31,0.11
1997-01-01,0.2
1997-01-02,0.21
1997-01-03,0.16
1997-01-04,0.25
1997-01-05,0.18
1997-01-06,0.13
1997-01-07,0.2
1997-01-08,0.2
1997-01-09,0.21
1997-01-10,0.25
1997-01-11,0.19
1997-01-12,0.2
1997-01-13,0.16
1997-01-14,0.23
1997-01-15,0.21
1997-01-16,0.18
1997-01-17,0.12
1997-01-18,0.26
1997-01-19,0.15
1997-01-20,0.18
1997-01-21,0.21
1997-01-22,0.15
1997-01-23,0.14
1997-01-24,0.12
1997-01-25,0.23
1997-01-26,0.18
1997-01-27,0.32
1997-01-28,0.16
1997-01-29,0.16
1997-01-30,0.18
1997-01-31,0.21
1997-02-01,0.34
1997-02-02,0.49
1997-02-03,0.52
1997-02-04,0.33
1997-02-05,0.28
1997-02-06,0.42
1997-02-07,0.36
1997-02-08,0.55
1997-02-09,0.4
1997-02-10,0.34
1997-02-11,0.31
1997-02-12,0.49
1997-02-13,0.35
1997-02-14,0.4
1997-02-15,0.48
1997-02-16,0.36
1997-02-17,0.4
1997-02-18,0.4
1997-02-19,0.45
1997-02-20,0.45
1997-02-21,0.38
1997-02-22,0.41
1997-02-23,0.37
1997-02-24,0.28
1997-02-25,0.42
1997-02-26,0.55
1997-02-27,0.33
1997-02-28,0.34
1997-03-01,1.07
1997-03-02,1.07
1997-03-03,0.86
1997-03-04,0.74
1997-03-05,1.3
1997-03-06,1.1
1997-03-07,0.95
1997-03-08,0.77
1997-03-09,0.84
1997-03-10,1.26
1997-03-11,1.03
1997-03-12,0.89
1997-03-13,1.1
1997-03-14,0.84
1997-03-15,1.3
1997-03-16,1.27
1997-03-17,0.91
1997-03-18,0.87
1997-03-19,0.48
1997-03-20,0.7
1997-03-21,0.73
1997-03-22,1.03
1997-03-23,0.93
1997-03-24,0.73
1997-03-25,0.94
1997-03-26,1.1
1997-03-27,1.11
1997-03-28,0.62
1997-03-29,0.97
1997-03-30,0.72
1997-03-31,1.18
1997-04-01,2.19
1997-04-02,1.92
1997-04-03,0.9
1997-04-04,1.62
1997-04-05,2.23
1997-04-06,1.51
1997-04-07,1.72
1997-04-08,1.42
1997-04-09,2.44
1997-04-10,2.41
1997-04-11,1.48
1997-04-12,1.85
1997-04-13,1.56
1997-04-14,2.02
1997-04-15,1.98
1997-04-16,2.09
1997-04-17,1.92
1997-04-18,2.86
1997-04-19,1.43
1997-04-20,1.18
1997-04-21,1.66
1997-04-22,1.24
1997-04-23,1.26
1997-04-24,1.44
1997-04-25,1.47
1997-04-26,1.46
1997-04-27,1.99
1997-04-28,1.62
1997-04-29,1.74
1997-04-30,2.12
1997-05-01,2.82
1997-05-02,3.44
1997-05-03,3.02
1997-05-04,2.97
1997-05-05,2.17
1997-05-06,2.15
1997-05-07,2.98
1997-05-08,2.04
1997-05-09,2.5
1997-05-10,3.08
1997-05-11,2.25
1997-05-12,3.7
1997-05-13,3.49
1997-05-14,1.92
1997-05-15,2.28
1997-05-16,1.52
1997-05-17,2.36
1997-05-18,3.23
1997-05-19,2.57
1997-05-20,3.06
1997-05-21,1.95
1997-05-22,3.25
1997-05-23,2.49
1997-05-24,2.81
1997-05-25,2.75
1997-05-26,2.09
1997-05-27,2.15
1997-05-28,3.34
1997-05-29,3.02
1997-05-30,3.39
1997-05-31,2.98
1997-06-01,4.01
1997-06-02,5.16
1997-06-03,4.48
1997-06-04,3.67
1997-06-05,3.71
1997-06-06,3.47
1997-06-07,2.28
1997-06-08,3.51
1997-06-09,4.35
1997-06-10,3.08
1997-06-11,3.79
1997-06-12,4.1
1997-06-13,2.86
1997-06-14,3.18
1997-06-15,2.79
1997-06-16,2.92
1997-06-17,2.6
1997-06-18,2.87
1997-06-19,4.49
1997-06-20,2.86
1997-06-21,3.59
1997-06-22,3.15
1997-06-23,4.33
1997-06-24,4.42
1997-06-25,4.1
1997-06-26,3.71
1997-06-27,3.34
1997-06-28,2.67
1997-06-29,4.86
1997-06-30,2.97
1997-07-01,4.22
1997-07-02,5.07
1997-07-03,3.39
1997-07-04,2.89
1997-07-05,3.43
1997-07-06,4.76
1997-07-07,2.35
1997-07-08,2.17
1997-07-09,3.77
1997-07-10,3.37
1997-07-11,3.71
1997-07-12,4.4
1997-07-13,3.29
1997-07-14,2.31
1997-07-15,5.21
1997-07-16,2.96
1997-07-17,2.92
1997-07-18,4.52
1997-07-19,3.42
1997-07-20,3.65
1997-07-21,4.06
1997-07-22,4.5
1997-07-23,3.45
1997-07-24,4.82
1997-07-25,2.12
1997-07-26,4.26
1997-07-27,3.08
1997-07-28,4.72
1997-07-29,3.81
1997-07-30,3.2
1997-07-31,4.19
1997-08-01,3.48
1997-08-02,3.46
1997-08-03,2.6
1997-08-04,3.92
1997-08-05,3.72
1997-08-06,3.82
1997-08-07,3.21
1997-08-08,2.29
1997-08-09,3.83
1997-08-10,3.03
1997-08-11,2.31
1997-08-12,4.07
1997-08-13,4.54
1997-08-14,3.17
1997-08-15,4.58
1997-08-16,3.26
1997-08-17,2.96
1997-08-18,2.8
1997-08-19,4.25
1997-08-20,2.7
1997-08-21,3.67
1997-08-22,2.84
1997-08-23,2.91
1997-08-24,3.86
1997-08-25,2.96
1997-08-26,2.94
1997-08-27,3.92
1997-08-28,4.22
1997-08-29,3.61
1997-08-30,2.78
1997-08-31,2.87
1997-09-01,1.74
1997-09-02,1.37
1997-09-03,1.75
1997-09-04,2.25
1997-09-05,2.83
1997-09-06,2.69
1997-09-07,2.3
1997-09-08,2.06
1997-09-09,2.32
1997-09-10,1.97
1997-09-11,2.96
1997-09-12,2.12
1997-09-13,2.16
1997-09-14,1.23
1997-09-15,2.11
1997-09-16,2.57
1997-09-17,1.73
1997-09-18,1.87
1997-09-19,2.55
1997-09-20,1.55
1997-09-21,2.67
1997-09-22,1.97
1997-09-23,2.03
1997-09-24,1.71
1997-09-25,2.37
1997-09-26,3.28
1997-09-27,2.54
1997-09-28,1.82
1997-09-29,2.7
1997-09-30,2.06
1997-10-01,1.1
1997-10-02,1.31
1997-10-03,1.14
1997-10-04,1.02
1997-10-05,1.57
1997-10-06,1.08
1997-10-07,1.36
1997-10-08,1.01
1997-10-09,1.26
1997-10-10,1.3
1997-10-11,1.15
1997-10-12,0.58
1997-10-13,1.1
1997-10-14,1.37
1997-10-15,1.22
1997-10-16,1.2
1997-10-17,0.72
1997-10-18,0.94
1997-10-19,1.19
1997-10-20,1.19
1997-10-21,1.37
1997-10-22,1.07
1997-10-23,1.19
1997-10-24,1.1
1997-10-25,0.88
1997-10-26,0.6
1997-10-27,1.19
1997-10-28,1.14
1997-10-29,0.96
1997-10-30,0.74
1997-10-31,1.24
1997-11-01,0.41
1997-11-02,0.37
1997-11-03,0.27
1997-11-04,0.44
1997-11-05,0.5
1997-11-06,0.42
1997-11-07,0.33
1997-11-08,0.4
1997-11-09,0.29
1997-11-10,0.48
1997-11-11,0.41
1997-11-12,0.26
1997-11-13,0.38
1997-11-14,0.44
1997-11-15,0.37
1997-11-16,0.38
1997-11-17,0.3
1997-11-18,0.45
1997-11-19,0.35
1997-11-20,0.23
1997-11-21,0.37
1997-11-22,0.48
1997-11-23,0.37
1997-11-24,0.54
1997-11-25,0.43
1997-11-26,0.43
1997-11-27,0.39
1997-11-28,0.39
1997-11-29,0.38
1997-11-30,0.38
1997-12-01,0.12
1997-12-02,0.12
1997-12-03,0.1
1997-12-04,0.07
1997-12-05,0.08
1997-12-06,0.11
1997-12-07,0.11
1997-12-08,0.08
1997-12-09,0.1
1997-12-10,0.11
1997-12-11,0.08
1997-12-12,0.12
1997-12-13,0.09
1997-12-14,0.13
1997-12-15,0.09
1997-12-16,0.08
1997-12-17,0.09
1997-12-18,0.1
1997-12-19,0.09
1997-12-20,0.1
1997-12-21,0.11
1997-12-22,0.1
1997-12-23,0.1
1997-12-24,0.07
1997-12-25,0.11
1997-12-26,0.1
1997-12-27,0.13
1997-12-28,0.08
1997-12-29,0.06
1997-12-30,0.11
1997-12-31,0.11
1998-01-01,0.18
1998-01-02,0.22
1998-01-03,0.16
1998-01-04,0.14
1998-01-05,0.13
1998-01-06,0.11
1998-01-07,0.18
1998-01-08,0.19
1998-01-09,0.17
1998-01-10,0.25
1998-01-11,0.25
1998-01-12,0.19
1998-01-13,0.13
1998-01-14,0.18
1998-01-15,0.18
1998-01-16,0.17
1998-01-17,0.17
1998-01-18,0.17
1998-01-19,0.18
1998-01-20,0.17
1998-01-21,0.21
1998-01-22,0.21
1998-01-23,0.16
1998-01-24,0.25
1998-01-25,0.16
1998-01-26,0.14
1998-01-27,0.22
1998-01-28,0.17
1998-01-29,0.21
1998-01-30,0.1
1998-01-31,0.26
1998-02-01,0.33
1998-02-02,0.46
1998-02-03,0.44
1998-02-04,0.39
1998-02-05,0.33
1998-02-06,0.41
1998-02-07,0.27
1998-02-08,0.41
1998-02-09,0.47
1998-02-10,0.3
1998-02-11,0.28
1998-02-12,0.53
1998-02-13,0.35
1998-02-14,0.49
1998-02-15,0.39
1998-02-16,0.39
1998-02-17,0.44
1998-02-18,0.33
1998-02-19,0.41
1998-02-20,0.37
1998-02-21,0.29
1998-02-22,0.43
1998-02-23,0.38
1998-02-24,0.39
1998-02-25,0.3
1998-02-26,0.53
1998-02-27,0.47
1998-02-28,0.48
1998-03-01,1.16
1998-03-02,0.82
1998-03-03,0.85
1998-03-04,0.91
1998-03-05,0.55
1998-03-06,1.07
1998-03-07,0.95
1998-03-08,1.19
1998-03-09,0.78
1998-03-10,0.88
1998-03-11,0.7
1998-03-12,0.8
1998-03-13,0.76
1998-03-14,1.2
1998-03-15,0.86
1998-03-16,1.02
1998-03-17,0.92
1998-03-18,0.75
1998-03-19,0.97
1998-03-20,1.12
1998-03-21,0.76
1998-03-22,1.16
1998-03-23,0.83
1998-03-24,0.9
1998-03-25,1.11
1998-03-26,0.87
1998-03-27,1.01
1998-03-28,0.94
1998-03-29,1.03
1998-03-30,0.52
1998-03-31,0.63
1998-04-01,1.52
1998-04-02,1.7
1998-04-03,1.93
1998-04-04,1.1
1998-04-05,0.94
1998-04-06,1.92
1998-04-07,1.98
1998-04-08,2.54
1998-04-09,1.86
1998-04-10,2.1
1998-04-11,1.73
1998-04-12,1.91
1998-04-13,2.4
1998-04-14,1.04
1998-04-15,1.95
1998-04-16,2.57
1998-04-17,1.9
1998-04-18,2.39
1998-04-19,1.57
1998-04-20,1.79
1998-04-21,1.81
1998-04-22,1.0
1998-04-23,1.38
1998-04-24,1.41
1998-04-25,2.1
1998-04-26,2.11
1998-04-27,1.92
1998-04-28,2.1
1998-04-29,1.74
1998-04-30,2.23
1998-05-01,2.88
1998-05-02,1.83
1998-05-03,2.65
1998-05-04,2.78
1998-05-05,3.89
1998-05-06,3.18
1998-05-07,3.66
1998-05-08,3.13
1998-05-09,2.4
1998-05-10,2.87
1998-05-11,2.93
1998-05-12,2.27
1998-05-13,2.58
1998-05-14,2.68
1998-05-15,3.7
1998-05-16,1.63
1998-05-17,3.48
1998-05-18,2.28
1998-05-19,2.03
1998-05-20,3.46
1998-05-21,3.21
1998-05-22,3.5
1998-05-23,3.25
1998-05-24,3.95
1998-05-25,3.11
1998-05-26,2.71
1998-05-27,2.99
1998-05-28,3.5
1998-05-29,2.36
1998-05-30,2.43
1998-05-31,2.63
1998-06-01,3.96
1998-06-02,4.24
1998-06-03,3.11
1998-06-04,4.23
1998-06-05,4.03
1998-06-06,4.71
1998-06-07,3.17
1998-06-08,2.6
1998-06-09,3.15
1998-06-10,3.65
1998-06-11,3.54
1998-06-12,3.22
1998-06-13,2.16
1998-06-14,3.83
1998-06-15,4.88
1998-06-16,3.82
1998-06-17,3.93
1998-06-18,3.9
1998-06-19,3.78
1998-06-20,4.15
1998-06-21,3.78
1998-06-22,3.28
1998-06-23,2.94
1998-06-24,3.33
1998-06-25,3.72
1998-06-26,3.28
1998-06-27,3.72
1998-06-28,3.81
1998-06-29,4.08
1998-06-30,4.4
1998-07-01,4.36
1998-07-02,4.18
1998-07-03,2.94
1998-07-04,3.34
1998-07-05,3.7
1998-07-06,3.67
1998-07-07,4.25
1998-07-08,2.21
1998-07-09,3.95
1998-07-10,3.49
1998-07-11,3.08
1998-07-12,3.15
1998-07-13,3.54
1998-07-14,1.04
1998-07-15,3.18
1998-07-16,3.05
1998-07-17,4.09
1998-07-18,3.1
1998-07-19,3.54
1998-07-20,4.84
1998-07-21,4.44
1998-07-22,4.37
1998-07-23,3.33
1998-07-24,4.1
1998-07-25,3.53
1998-07-26,3.55
1998-07-27,4.0
1998-07-28,3.26
1998-07-29,4.8
1998-07-30,3.58
1998-07-31,4.16
1998-08-01,3.25
1998-08-02,3.41
1998-08-03,2.57
1998-08-04,3.66
1998-08-05,3.25
1998-08-06,2.1
1998-08-07,2.61
1998-08-08,2.88
1998-08-09,3.15
1998-08-10,4.41
1998-08-11,3.35
1998-08-12,2.66
1998-08-13,3.34
1998-08-14,2.97
1998-08-15,3.41
1998-08-16,3.57
1998-08-17,3.97
1998-08-18,3.18
1998-08-19,4.25
1998-08-20,3.78
1998-08-21,2.75
1998-08-22,4.61
1998-08-23,3.41
1998-08-24,2.67
1998-08-25,4.26
1998-08-26,4.53
1998-08-27,3.18
1998-08-28,2.88
1998-08-29,3.09
1998-08-30,3.66
1998-08-31,4.02
1998-09-01,2.8
1998-09-02,2.55
1998-09-03,0.91
1998-09-04,1.76
1998-09-05,2.62
1998-09-06,2.27
1998-09-07,1.75
1998-09-08,1.92
1998-09-09,1.36
1998-09-10,2.16
1998-09-11,3.17
1998-09-12,2.55
1998-09-13,3.16
1998-09-14,2.59
1998-09-15,2.65
1998-09-16,3.07
1998-09-17,2.37
1998-09-18,2.12
1998-09-19,2.65
1998-09-20,2.84
1998-09-21,1.99
1998-09-22,1.88
1998-09-23,2.26
1998-09-24,2.57
1998-09-25,2.55
1998-09-26,1.57
1998-09-27,3.04
1998-09-28,1.92
1998-09-29,2.08
1998-09-30,1.8
1998-10-01,1.04
1998-10-02,1.22
1998-10-03,1.51
1998-10-04,0.63
1998-10-05,0.95
1998-10-06,1.05
1998-10-07,1.42
1998-10-08,0.74
1998-10-09,1.53
1998-10-10,1.13
1998-10-11,1.08
1998-10-12,1.06
1998-10-13,1.0
1998-10-14,1.33
1998-10-15,0.86
1998-10-16,1.18
1998-10-17,1.02
1998-10-18,0.93
1998-10-19,1.67
1998-10-20,1.19
1998-10-21,1.23
1998-10-22,1.35
1998-10-23,0.79
1998-10-24,1.49
1998-10-25,0.55
1998-10-26,0.93
1998-10-27,1.0
1998-10-28,1.23
1998-10-29,1.15
1998-10-30,1.06
1998-10-31,1.1
1998-11-01,0.44
1998-11-02,0.33
1998-11-03,0.31
1998-11-04,0.31
1998-11-05,0.56
1998-11-06,0.44
1998-11-07,0.42
1998-11-08,0.32
1998-11-09,0.45
1998-11-10,0.39
1998-11-11,0.42
1998-11-12,0.32
1998-11-13,0.41
1998-11-14,0.37
1998-11-15,0.34
1998-11-16,0.46
1998-11-17,0.28
1998-11-18,0.45
1998-11-19,0.45
1998-11-20,0.33
1998-11-21,0.33
1998-11-22,0.38
1998-11-23,0.42
1998-11-24,0.39
1998-11-25,0.43
1998-11-26,0.54
1998-11-27,0.36
1998-11-28,0.26
1998-11-29,0.47
1998-11-30,0.53
1998-12-01,0.08
1998-12-02,0.07
1998-12-03,0.13
1998-12-04,0.13
1998-12-05,0.05
1998-12-06,0.09
1998-12-07,0.13
1998-12-08,0.09
1998-12-09,0.09
1998-12-10,0.09
1998-12-11,0.08
1998-12-12,0.07
1998-12-13,0.12
1998-12-14,0.06
1998-12-15,0.1
1998-12-16,0.12
1998-12-17,0.07
1998-12-18,0.08
1998-12-19,0.12
1998-12-20,0.11
1998-12-21,0.09
1998-12-22,0.12
1998-12-23,0.12
1998-12-24,0.11
1998-12-25,0.08
1998-12-26,0.09
1998-12-27,0.11
1998-12-28,0.1
1998-12-29,0.12
1998-12-30,0.07
1998-12-31,0.07
1999-01-01,0.23
1999-01-02,0.14
1999-01-03,0.14
1999-01-04,0.27
1999-01-05,0.17
1999-01-06,0.17
1999-01-07,0.11
1999-01-08,0.19
1999-01-09,0.19
1999-01-10,0.23
1999-01-11,0.14
1999-01-12,0.14
1999-01-13,0.22
1999-01-14,0.24
1999-01-15,0.14
1999-01-16,0.24
1999-01-17,0.2
1999-01-18,0.24
1999-01-19,0.2
1999-01-20,0.1
1999-01-21,0.19
1999-01-22,0.24
1999-01-23,0.16
1999-01-24,0.18
1999-01-25,0.19
1999-01-26,0.08
1999-01-27,0.27
1999-01-28,0.16
1999-01-29,0.22
1999-01-30,0.2
1999-01-31,0.25
1999-02-01,0.38
1999-02-02,0.26
1999-02-03,0.56
1999-02-04,0.4
1999-02-05,0.34
1999-02-06,0.43
1999-02-07,0.49
1999-02-08,0.4
1999-02-09,0.5
1999-02-10,0.49
1999-02-11,0.31
1999-02-12,0.35
1999-02-13,0.48
1999-02-14,0.18
1999-02-15,0.39
1999-02-16,0.29
1999-02-17,0.36
1999-02-18,0.38
1999-02-19,0.37
1999-02-20,0.36
1999-02-21,0.31
1999-02-22,0.58
1999-02-23,0.55
1999-02-24,0.31
1999-02-25,0.53
1999-02-26,0.37
1999-02-27,0.41
1999-02-28,0.39
1999-03-01,1.12
1999-03-02,1.21
1999-03-03,0.82
1999-03-04,0.95
1999-03-05,1.06
1999-03-06,1.14
1999-03-07,0.59
1999-03-08,0.82
1999-03-09,0.93
1999-03-10,1.14
1999-03-11,1.5
1999-03-12,0.95
1999-03-13,0.72
1999-03-14,1.08
1999-03-15,1.26
1999-03-16,1.02
1999-03-17,0.82
1999-03-18,1.19
1999-03-19,1.13
1999-03-20,0.79
1999-03-21,1.08
1999-03-22,1.2
1999-03-23,1.24
1999-03-24,0.99
1999-03-25,0.93
1999-03-26,1.25
1999-03-27,0.76
1999-03-28,1.09
1999-03-29,0.73
1999-03-30,1.21
1999-03-31,0.95
1999-04-01,1.8
1999-04-02,1.82
1999-04-03,1.7
1999-04-04,2.05
1999-04-05,1.65
1999-04-06,2.15
1999-04-07,1.39
1999-04-08,1.4
1999-04-09,2.05
1999-04-10,1.77
1999-04-11,1.64
1999-04-12,2.12
1999-04-13,1.58
1999-04-14,1.73
1999-04-15,2.3
1999-04-16,2.35
1999-04-17,2.37
1999-04-18,1.7
1999-04-19,2.24
1999-04-20,1.46
1999-04-21,1.47
1999-04-22,0.95
1999-04-23,2.4
1999-04-24,1.49
1999-04-25,1.75
1999-04-26,1.47
1999-04-27,2.05
1999-04-28,1.66
1999-04-29,1.33
1999-04-30,1.96
1999-05-01,1.62
1999-05-02,2.88
1999-05-03,1.74
1999-05-04,2.83
1999-05-05,3.28
1999-05-06,2.53
1999-05-07,3.74
1999-05-08,1.98
1999-05-09,3.47
1999-05-10,3.18
1999-05-11,1.84
1999-05-12,4.32
1999-05-13,2.76
1999-05-14,2.31
1999-05-15,2.01
1999-05-16,2.68
1999-05-17,2.73
1999-05-18,2.86
1999-05-19,2.63
1999-05-20,3.15
1999-05-21,2.58
1999-05-22,1.72
1999-05-23,2.72
1999-05-24,1.47
1999-05-25,3.0
1999-05-26,2.25
1999-05-27,2.89
1999-05-28,3.54
1999-05-29,2.27
1999-05-30,3.39
1999-05-31,2.56
1999-06-01,3.55
1999-06-02,2.58
1999-06-03,3.26
1999-06-04,3.53
1999-06-05,2.21
1999-06-06,4.47
1999-06-07,3.6
1999-06-08,3.77
1999-06-09,4.46
1999-06-10,3.06
1999-06-11,3.9
1999-06-12,3.42
1999-06-13,3.37
1999-06-14,2.96
1999-06-15,4.67
1999-06-16,3.24
1999-06-17,3.99
1999-06-18,2.19
1999-06-19,4.33
1999-06-20,4.24
1999-06-21,3.57
1999-06-22,3.34
1999-06-23,3.78
1999-06-24,5.1
1999-06-25,2.27
1999-06-26,4.05
1999-06-27,2.86
1999-06-28,3.49
1999-06-29,3.33
1999-06-30,3.2
1999-07-01,4.78
1999-07-02,4.46
1999-07-03,2.66
1999-07-04,4.03
1999-07-05,4.33
1999-07-06,4.36
1999-07-07,2.88
1999-07-08,3.21
1999-07-09,4.44
1999-07-10,3.14
1999-07-11,3.48
1999-07-12,4.87
1999-07-13,3.66
1999-07-14,3.16
1999-07-15,3.05
1999-07-16,3.95
1999-07-17,2.71
1999-07-18,3.52
1999-07-19,3.95
1999-07-20,4.66
1999-07-21,4.19
1999-07-22,3.17
1999-07-23,4.57
1999-07-24,3.48
1999-07-25,2.79
1999-07-26,3.57
1999-07-27,4.76
1999-07-28,3.82
1999-07-29,3.71
1999-07-30,4.91
1999-07-31,2.64
1999-08-01,3.57
1999-08-02,3.27
1999-08-03,4.16
1999-08-04,3.0
1999-08-05,3.86
1999-08-06,3.02
1999-08-07,3.48
1999-08-08,3.13
1999-08-09,3.16
1999-08-10,2.96
1999-08-11,4.06
1999-08-12,2.73
1999-08-13,2.73
1999-08-14,4.56
1999-08-15,3.83
1999-08-16,1.67
1999-08-17,2.84
1999-08-18,2.04
1999-08-19,2.59
1999-08-20,1.19
1999-08-21,3.11
1999-08-22,2.47
1999-08-23,3.24
1999-08-24,2.16
1999-08-25,3.25
1999-08-26,2.93
1999-08-27,4.16
1999-08-28,4.1
1999-08-29,3.7
1999-08-30,2.99
1999-08-31,4.47
1999-09-01,3.39
1999-09-02,2.31
1999-09-03,1.83
1999-09-04,2.58
1999-09-05,2.54
1999-09-06,2.12
1999-09-07,2.57
1999-09-08,1.84
1999-09-09,1.98
1999-09-10,1.32
1999-09-11,1.62
1999-09-12,3.0
1999-09-13,2.92
1999-09-14,2.23
1999-09-15,2.93
1999-09-16,2.13
1999-09-17,2.09
1999-09-18,2.22
1999-09-19,2.15
1999-09-20,2.11
1999-09-21,2.7
1999-09-22,2.27
1999-09-23,2.51
1999-09-24,2.65
1999-09-25,2.37
1999-09-26,1.77
1999-09-27,1.6
1999-09-28,2.27
1999-09-29,2.12
1999-09-30,2.24
1999-10-01,0.88
1999-10-02,0.77
1999-10-03,1.26
1999-10-04,1.25
1999-10-05,1.45
1999-10-06,0.93
1999-10-07,1.25
1999-10-08,1.04
1999-10-09,1.36
1999-10-10,1.32
1999-10-11,1.15
1999-10-12,1.03
1999-10-13,1.31
1999-10-14,1.24
1999-10-15,0.95
1999-10-16,0.81
1999-10-17,1.04
1999-10-18,1.43
1999-10-19,1.35
1999-10-20,0.86
1999-10-21,0.84
1999-10-22,1.38
1999-10-23,0.85
1999-10-24,1.21
1999-10-25,0.96
1999-10-26,1.46
1999-10-27,0.93
1999-10-28,1.35
1999-10-29,1.14
1999-10-30,1.16
1999-10-31,0.67
1999-11-01,0.43
1999-11-02,0.31
1999-11-03,0.39
1999-11-04,0.31
1999-11-05,0.45
1999-11-06,0.29
1999-11-07,0.38
1999-11-08,0.32
1999-11-09,0.41
1999-11-10,0.37
1999-11-11,0.41
1999-11-12,0.4
1999-11-13,0.32
1999-11-14,0.45
1999-11-15,0.4
1999-11-16,0.32
1999-11-17,0.58
1999-11-18,0.44
1999-11-19,0.39
1999-11-20,0.51
1999-11-21,0.55
1999-11-22,0.39
1999-11-23,0.43
1999-11-24,0.32
1999-11-25,0.39
1999-11-26,0.38
1999-11-27,0.41
1999-11-28,0.43
1999-11-29,0.44
1999-11-30,0.42
1999-12-01,0.1
1999-12-02,0.09
1999-12-03,0.09
1999-12-04,0.06
1999-12-05,0.1
1999-12-06,0.1
1999-12-07,0.11
1999-12-08,0.1
1999-12-09,0.1
1999-12-10,0.12
1999-12-11,0.07
1999-12-12,0.11
1999-12-13,0.07
1999-12-14,0.08
1999-12-15,0.08
1999-12-16,0.12
1999-12-17,0.1
1999-12-18,0.1
1999-12-19,0.08
1999-12-20,0.09
1999-12-21,0.08
1999-12-22,0.11
1999-12-23,0.08
1999-12-24,0.13
1999-12-25,0.07
1999-12-26,0.08
1999-12-27,0.13
1999-12-28,0.09
1999-12-29,0.07
1999-12-30,0.1
1999-12-31,0.09
2000-01-01,0.22
2000-01-02,0.19
2000-01-03,0.16
2000-01-04,0.23
2000-01-05,0.13
2000-01-06,0.23
2000-01-07,0.16
2000-01-08,0.25
2000-01-09,0.21
2000-01-10,0.23
2000-01-11,0.2
2000-01-12,0.13
2000-01-13,0.17
2000-01-14,0.23
2000-01-15,0.21
2000-01-16,0.25
2000-01-17,0.22
2000-01-18,0.16
2000-01-19,0.17
2000-01-20,0.2
2000-01-21,0.11
2000-01-22,0.27
2000-01-23,0.22
2000-01-24,0.25
2000-01-25,0.14
2000-01-26,0.25
2000-01-27,0.29
2000-01-28,0.15
2000-01-29,0.23
2000-01-30,0.2
2000-01-31,0.14
2000-02-01,0.35
2000-02-02,0.48
2000-02-03,0.41
2000-02-04,0.36
2000-02-05,0.3
2000-02-06,0.33
2000-02-07,0.27
2000-02-08,0.4
2000-02-09,0.3
2000-02-10,0.38
2000-02-11,0.51
2000-02-12,0.5
2000-02-13,0.4
2000-02-14,0.39
2000-02-15,0.55
2000-02-16,0.44
2000-02-17,0.37
2000-02-18,0.29
2000-02-19,0.43
2000-02-20,0.47
2000-02-21,0.35
2000-02-22,0.42
2000-02-23,0.37
2000-02-24,0.39
2000-02-25,0.2
2000-02-26,0.38
2000-02-27,0.48
2000-02-28,0.35
2000-02-29,0.4
2000-03-01,1.25
2000-03-02,1.1
2000-03-03,0.76
2000-03-04,1.28
2000-03-05,1.31
2000-03-06,1.18
2000-03-07,0.85
2000-03-08,0.94
2000-03-09,1.03
2000-03-10,0.86
2000-03-11,1.34
2000-03-12,1.03
2000-03-13,0.46
2000-03-14,1.07
2000-03-15,0.93
2000-03-16,0.99
2000-03-17,0.93
2000-03-18,1.16
2000-03-19,1.22
2000-03-20,1.06
2000-03-21,0.93
2000-03-22,0.99
2000-03-23,1.0
2000-03-24,0.84
2000-03-25,1.12
2000-03-26,1.09
2000-03-27,1.31
2000-03-28,1.25
2000-03-29,0.86
2000-03-30,1.16
2000-03-31,0.81
2000-04-01,1.28
2000-04-02,1.5
2000-04-03,1.04
2000-04-04,1.29
2000-04-05,1.86
2000-04-06,1.09
2000-04-07,1.27
2000-04-08,1.8
2000-04-09,1.6
2000-04-10,2.52
2000-04-11,2.46
2000-04-12,1.49
2000-04-13,2.0
2000-04-14,2.07
2000-04-15,1.58
2000-04-16,1.26
2000-04-17,1.8
2000-04-18,1.74
2000-04-19,1.64
2000-04-20,1.96
2000-04-21,1.53
2000-04-22,1.39
2000-04-23,1.84
2000-04-24,1.94
2000-04-25,1.38
2000-04-26,2.13
2000-04-27,1.16
2000-04-28,1.59
2000-04-29,1.71
2000-04-30,1.57
2000-05-01,3.78
2000-05-02,2.6
2000-05-03,2.33
2000-05-04,3.18
2000-05-05,2.56
2000-05-06,2.33
2000-05-07,2.53
2000-05-08,2.78
2000-05-09,3.55
2000-05-10,1.72
2000-05-11,2.81
2000-05-12,3.15
2000-05-13,2.91
2000-05-14,3.53
2000-05-15,2.76
2000-05-16,2.7
2000-05-17,3.13
2000-05-18,2.86
2000-05-19,2.58
2000-05-20,3.09
2000-05-21,2.43
2000-05-22,2.46
2000-05-23,2.5
2000-05-24,3.56
2000-05-25,1.0
2000-05-26,3.02
2000-05-27,2.82
2000-05-28,1.86
2000-05-29,2.97
2000-05-30,3.07
2000-05-31,3.13
2000-06-01,3.49
2000-06-02,2.71
2000-06-03,4.22
2000-06-04,2.24
2000-06-05,3.88
2000-06-06,3.27
2000-06-07,2.68
2000-06-08,3.64
2000-06-09,2.41
2000-06-10,3.53
2000-06-11,2.5
2000-06-12,3.82
2000-06-13,2.85
2000-06-14,3.18
2000-06-15,3.71
2000-06-16,2.96
2000-06-17,3.46
2000-06-18,2.44
2000-06-19,3.94
2000-06-20,4.74
2000-06-21,5.45
2000-06-22,3.56
2000-06-23,4.05
2000-06-24,2.25
2000-06-25,4.55
2000-06-26,4.04
2000-06-27,3.16
2000-06-28,4.37
2000-06-29,3.32
2000-06-30,3.18
2000-07-01,2.75
2000-07-02,2.5
2000-07-03,3.98
2000-07-04,3.82
2000-07-05,4.84
2000-07-06,3.88
2000-07-07,3.4
2000-07-08,3.7
2000-07-09,3.79
2000-07-10,2.46
2000-07-11,5.71
2000-07-12,4.08
2000-07-13,3.86
2000-07-14,4.16
2000-07-15,4.22
2000-07-16,3.6
2000-07-17,3.23
2000-07-18,4.14
2000-07-19,3.99
2000-07-20,3.1
2000-07-21,4.75
2000-07-22,3.92
2000-07-23,4.24
2000-07-24,4.73
2000-07-25,3.72
2000-07-26,3.93
2000-07-27,4.3
2000-07-28,3.16
2000-07-29,3.74
2000-07-30,3.79
2000-07-31,2.99
2000-08-01,2.21
2000-08-02,2.3
2000-08-03,3.15
2000-08-04,4.64
2000-08-05,3.07
2000-08-06,3.08
2000-08-07,2.28
2000-08-08,3.81
2000-08-09,3.81
2000-08-10,3.71
2000-08-11,2.8
2000-08-12,2.75
2000-08-13,2.37
2000-08-14,3.25
2000-08-15,2.51
2000-08-16,2.45
2000-08-17,2.93
2000-08-18,2.89
2000-08-19,2.86
2000-08-20,3.5
2000-08-21,3.25
2000-08-22,3.02
2000-08-23,3.32
2000-08-24,2.57
2000-08-25,3.27
2000-08-26,3.3
2000-08-27,2.24
2000-08-28,3.84
2000-08-29,2.64
2000-08-30,3.26
2000-08-31,3.95
2000-09-01,2.19
2000-09-02,3.34
2000-09-03,1.61
2000-09-04,1.32
2000-09-05,2.35
2000-09-06,2.03
2000-09-07,2.34
2000-09-08,2.46
2000-09-09,2.77
2000-09-10,1.54
2000-09-11,1.96
2000-09-12,2.39
2000-09-13,2.54
2000-09-14,3.17
2000-09-15,2.62
2000-09-16,2.18
2000-09-17,1.81
2000-09-18,1.95
2000-09-19,1.94
2000-09-20,2.49
2000-09-21,2.31
2000-09-22,1.62
2000-09-23,2.01
2000-09-24,2.59
2000-09-25,2.35
2000-09-26,2.45
2000-09-27,2.37
2000-09-28,2.92
2000-09-29,2.3
2000-09-30,2.03
2000-10-01,0.62
2000-10-02,1.05
2000-10-03,1.15
2000-10-04,0.85
2000-10-05,0.86
2000-10-06,1.22
2000-10-07,1.22
2000-10-08,1.07
2000-10-09,1.27
2000-10-10,0.84
2000-10-11,1.02
2000-10-12,1.46
2000-10-13,1.12
2000-10-14,1.13
2000-10-15,1.61
2000-10-16,0.79
2000-10-17,1.28
2000-10-18,1.47
2000-10-19,1.03
2000-10-20,1.29
2000-10-21,0.88
2000-10-22,0.95
2000-10-23,1.18
2000-10-24,1.28
2000-10-25,1.35
2000-10-26,1.45
2000-10-27,1.09
2000-10-28,1.36
2000-10-29,1.02
2000-10-30,1.3
2000-10-31,1.15
2000-11-01,0.3
2000-11-02,0.32
2000-11-03,0.36
2000-11-04,0.38
2000-11-05,0.48
2000-11-06,0.31
2000-11-07,0.37
2000-11-08,0.48
2000-11-09,0.38
2000-11-10,0.44
2000-11-11,0.39
2000-11-12,0.42
2000-11-13,0.38
2000-11-14,0.45
2000-11-15,0.28
2000-11-16,0.37
2000-11-17,0.42
2000-11-18,0.44
2000-11-19,0.52
2000-11-20,0.37
2000-11-21,0.52
2000-11-22,0.35
2000-11-23,0.51
2000-11-24,0.47
2000-11-25,0.33
2000-11-26,0.42
2000-11-27,0.4
2000-11-28,0.45
2000-11-29,0.38
2000-11-30,0.38
2000-12-01,0.08
2000-12-02,0.08
2000-12-03,0.16
2000-12-04,0.09
2000-12-05,0.06
2000-12-06,0.13
2000-12-07,0.11
2000-12-08,0.08
2000-12-09,0.08
2000-12-10,0.11
2000-12-11,0.1
2000-12-12,0.06
2000-12-13,0.14
2000-12-14,0.09
2000-12-15,0.13
2000-12-16,0.13
2000-12-17,0.08
2000-12-18,0.12
2000-12-19,0.09
2000-12-20,0.06
2000-12-21,0.09
2000-12-22,0.11
2000-12-23,0.09
2000-12-24,0.09
2000-12-25,0.12
2000-12-26,0.1
2000-12-27,0.08
2000-12-28,0.11
2000-12-29,0.1
2000-12-30,0.05
2000-12-31,0.11
2001-01-01,0.22
2001-01-02,0.23
2001-01-03,0.18
2001-01-04,0.25
2001-01-05,0.13
2001-01-06,0.14
2001-01-07,0.21
2001-01-08,0.2
2001-01-09,0.17
2001-01-10,0.23
2001-01-11,0.22
2001-01-12,0.23
2001-01-13,0.2
2001-01-14,0.22
2001-01-15,0.18
2001-01-16,0.28
2001-01-17,0.17
2001-01-18,0.28
2001-01-19,0.2
2001-01-20,0.14
2001-01-21,0.25
2001-01-22,0.21
2001-01-23,0.23
2001-01-24,0.25
2001-01-25,0.21
2001-01-26,0.18
2001-01-27,0.24
2001-01-28,0.2
2001-01-29,0.23
2001-01-30,0.11
2001-01-31,0.22
2001-02-01,0.34
2001-02-02,0.43
2001-02-03,0.38
2001-02-04,0.32
2001-02-05,0.51
2001-02-06,0.47
2001-02-07,0.35
2001-02-08,0.44
2001-02-09,0.44
2001-02-10,0.45
2001-02-11,0.26
2001-02-12,0.48
2001-02-13,0.35
2001-02-14,0.37
2001-02-15,0.61
2001-02-16,0.42
2001-02-17,0.37
2001-02-18,0.22
2001-02-19,0.51
2001-02-20,0.29
2001-02-21,0.32
2001-02-22,0.37
2001-02-23,0.51
2001-02-24,0.46
2001-02-25,0.39
2001-02-26,0.42
2001-02-27,0.35
2001-02-28,0.41
2001-03-01,1.14
2001-03-02,0.9
2001-03-03,0.8
2001-03-04,1.06
2001-03-05,0.47
2001-03-06,0.65
2001-03-07,0.96
2001-03-08,1.02
2001-03-09,0.93
2001-03-10,0.68
2001-03-11,0.84
2001-03-12,1.08
2001-03-13,1.12
2001-03-14,1.0
2001-03-15,1.23
2001-03-16,1.08
2001-03-17,0.85
2001-03-18,0.94
2001-03-19,0.72
2001-03-20,0.98
2001-03-21,1.22
2001-03-22,1.14
2001-03-23,1.28
2001-03-24,0.94
2001-03-25,1.27
2001-03-26,0.96
2001-03-27,1.29
2001-03-28,1.0
2001-03-29,1.14
2001-03-30,1.3
2001-03-31,0.96
2001-04-01,1.6
2001-04-02,2.47
2001-04-03,1.49
2001-04-04,2.68
2001-04-05,1.96
2001-04-06,1.83
2001-04-07,1.97
2001-04-08,2.71
2001-04-09,1.44
2001-04-10,1.4
2001-04-11,1.53
2001-04-12,1.81
2001-04-13,1.18
2001-04-14,1.81
2001-04-15,2.41
2001-04-16,1.85
2001-04-17,1.69
2001-04-18,1.58
2001-04-19,2.12
2001-04-20,1.5
2001-04-21,2.46
2001-04-22,2.5
2001-04-23,1.89
2001-04-24,1.8
2001-04-25,2.17
2001-04-26,2.19
2001-04-27,1.51
2001-04-28,1.61
2001-04-29,1.32
2001-04-30,1.95
2001-05-01,1.31
2001-05-02,3.57
2001-05-03,2.39
2001-05-04,3.18
2001-05-05,3.22
2001-05-06,2.31
2001-05-07,3.17
2001-05-08,2.58
2001-05-09,1.64
2001-05-10,3.45
2001-05-11,2.37
2001-05-12,2.32
2001-05-13,2.57
2001-05-14,2.95
2001-05-15,2.77
2001-05-16,3.11
2001-05-17,2.05
2001-05-18,2.38
2001-05-19,2.74
2001-05-20,3.86
2001-05-21,2.74
2001-05-22,3.41
2001-05-23,2.82
2001-05-24,2.53
2001-05-25,2.66
2001-05-26,2.71
2001-05-27,3.14
2001-05-28,3.57
2001-05-29,3.0
2001-05-30,3.46
2001-05-31,2.26
2001-06-01,3.83
2001-06-02,2.76
2001-06-03,4.22
2001-06-04,2.76
2001-06-05,2.76
2001-06-06,2.86
2001-06-07,4.03
2001-06-08,3.07
2001-06-09,2.56
2001-06-10,3.08
2001-06-11,3.48
2001-06-12,2.67
2001-06-13,2.69
2001-06-14,4.98
2001-06-15,2.9
2001-06-16,3.27
2001-06-17,3.24
2001-06-18,3.21
2001-06-19,3.93
2001-06-20,4.16
2001-06-21,3.29
2001-06-22,2.63
2001-06-23,4.39
2001-06-24,3.43
2001-06-25,4.71
2001-06-26,1.93
2001-06-27,3.64
2001-06-28,4.84
2001-06-29,3.25
2001-06-30,3.34
2001-07-01,5.42
2001-07-02,2.66
2001-07-03,2.74
2001-07-04,4.67
2001-07-05,4.23
2001-07-06,2.94
2001-07-07,4.15
2001-07-08,4.79
2001-07-09,3.68
2001-07-10,5.62
2001-07-11,2.42
2001-07-12,4.21
2001-07-13,4.56
2001-07-14,4.36
2001-07-15,3.55
2001-07-16,3.49
2001-07-17,4.03
2001-07-18,4.3
2001-07-19,4.15
2001-07-20,4.47
2001-07-21,2.95
2001-07-22,3.53
2001-07-23,3.0
2001-07-24,3.41
2001-07-25,4.45
2001-07-26,3.78
2001-07-27,5.63
2001-07-28,3.84
2001-07-29,3.74
2001-07-30,3.78
2001-07-31,3.23
2001-08-01,3.79
2001-08-02,3.22
2001-08-03,2.97
2001-08-04,3.81
2001-08-05,3.63
2001-08-06,2.8
2001-08-07,2.69
2001-08-08,1.87
2001-08-09,3.3
2001-08-10,3.15
2001-08-11,3.93
2001-08-12,3.43
2001-08-13,4.05
2001-08-14,2.75
2001-08-15,3.93
2001-08-16,2.86
2001-08-17,3.7
2001-08-18,2.27
2001-08-19,3.35
2001-08-20,1.93
2001-08-21,3.03
2001-08-22,3.48
2001-08-23,2.87
2001-08-24,2.53
2001-08-25,3.74
2001-08-26,3.13
2001-08-27,2.89
2001-08-28,3.23
2001-08-29,4.89
2001-08-30,3.94
2001-08-31,3.94
2001-09-01,1.8
2001-09-02,2.31
2001-09-03,1.13
2001-09-04,2.12
2001-09-05,2.11
2001-09-06,1.6
2001-09-07,1.79
2001-09-08,2.56
2001-09-09,2.3
2001-09-10,2.24
2001-09-11,2.33
2001-09-12,2.24
2001-09-13,2.75
2001-09-14,2.25
2001-09-15,1.56
2001-09-16,2.92
2001-09-17,2.36
2001-09-18,1.94
2001-09-19,1.65
2001-09-20,2.37
2001-09-21,2.15
2001-09-22,2.89
2001-09-23,2.05
2001-09-24,1.83
2001-09-25,2.59
2001-09-26,2.61
2001-09-27,2.27
2001-09-28,2.5
2001-09-29,2.18
2001-09-30,2.3
2001-10-01,1.2
2001-10-02,1.19
2001-10-03,0.75
2001-10-04,0.85
2001-10-05,1.12
2001-10-06,0.73
2001-10-07,1.28
2001-10-08,1.29
2001-10-09,1.17
2001-10-10,0.85
2001-10-11,1.4
2001-10-12,1.55
2001-10-13,1.13
2001-10-14,1.21
2001-10-15,1.14
2001-10-16,1.22
2001-10-17,1.07
2001-10-18,1.09
2001-10-19,1.3
2001-10-20,1.62
2001-10-21,0.79
2001-10-22,1.08
2001-10-23,0.84
2001-10-24,1.45
2001-10-25,0.97
2001-10-26,0.78
2001-10-27,1.24
2001-10-28,1.48
2001-10-29,1.25
2001-10-30,1.15
2001-10-31,1.19
2001-11-01,0.51
2001-11-02,0.39
2001-11-03,0.47
2001-11-04,0.38
2001-11-05,0.53
2001-11-06,0.35
2001-11-07,0.35
2001-11-08,0.52
2001-11-09,0.36
2001-11-10,0.53
2001-11-11,0.47
2001-11-12,0.39
2001-11-13,0.25
2001-11-14,0.4
2001-11-15,0.41
2001-11-16,0.49
2001-11-17,0.53
2001-11-18,0.35
2001-11-19,0.46
2001-11-20,0.46
2001-11-21,0.49
2001-11-22,0.44
2001-11-23,0.24
2001-11-24,0.39
2001-11-25,0.31
2001-11-26,0.38
2001-11-27,0.48
2001-11-28,0.42
2001-11-29,0.49
2001-11-30,0.43
2001-12-01,0.11
2001-12-02,0.1
2001-12-03,0.12
2001-12-04,0.09
2001-12-05,0.11
2001-12-06,0.07
2001-12-07,0.11
2001-12-08,0.14
2001-12-09,0.08
2001-12-10,0.08
2001-12-11,0.09
2001-12-12,0.1
2001-12-13,0.08
2001-12-14,0.11
2001-12-15,0.12
2001-12-16,0.11
2001-12-17,0.06
2001-12-18,0.12
2001-12-19,0.12
2001-12-20,0.12
2001-12-21,0.11
2001-12-22,0.1
2001-12-23,0.12
2001-12-24,0.14
2001-12-25,0.08
2001-12-26,0.12
2001-12-27,0.1
2001-12-28,0.1
2001-12-29,0.07
2001-12-30,0.09
2001-12-31,0.08
2002-01-01,0.17
2002-01-02,0.27
2002-01-03,0.22
2002-01-04,0.21
2002-01-05,0.22
2002-01-06,0.16
2002-01-07,0.26
2002-01-08,0.28
2002-01-09,0.22
2002-01-10,0.26
2002-01-11,0.18
2002-01-12,0.17
2002-01-13,0.2
2002-01-14,0.22
2002-01-15,0.18
2002-01-16,0.22
2002-01-17,0.21
2002-01-18,0.16
2002-01-19,0.22
2002-01-20,0.23
2002-01-21,0.21
2002-01-22,0.25
2002-01-23,0.15
2002-01-24,0.22
2002-01-25,0.15
2002-01-26,0.16
2002-01-27,0.17
2002-01-28,0.16
2002-01-29,0.18
2002-01-30,0.19
2002-01-31,0.23
2002-02-01,0.41
2002-02-02,0.48
2002-02-03,0.48
2002-02-04,0.44
2002-02-05,0.37
2002-02-06,0.46
2002-02-07,0.39
2002-02-08,0.31
2002-02-09,0.37
2002-02-10,0.41
2002-02-11,0.47
2002-02-12,0.39
2002-02-13,0.3
2002-02-14,0.4
2002-02-15,0.41
2002-02-16,0.41
2002-02-17,0.47
2002-02-18,0.48
2002-02-19,0.35
2002-02-20,0.35
2002-02-21,0.32
2002-02-22,0.46
2002-02-23,0.52
2002-02-24,0.37
2002-02-25,0.38
2002-02-26,0.52
2002-02-27,0.44
2002-02-28,0.43
2002-03-01,1.04
2002-03-02,1.26
2002-03-03,0.97
2002-03-04,0.74
2002-03-05,1.43
2002-03-06,0.91
2002-03-07,1.03
2002-03-08,1.23
2002-03-09,0.88
2002-03-10,0.8
2002-03-11,1.05
2002-03-12,0.64
2002-03-13,0.94
2002-03-14,1.05
2002-03-15,0.95
2002-03-16,0.69
2002-03-17,1.32
2002-03-18,1.02
2002-03-19,1.29
2002-03-20,0.95
2002-03-21,0.82
2002-03-22,1.05
2002-03-23,0.96
2002-03-24,0.76
2002-03-25,1.29
2002-03-26,0.88
2002-03-27,0.63
2002-03-28,1.27
2002-03-29,0.9
2002-03-30,0.88
2002-03-31,0.65
2002-04-01,2.04
2002-04-02,1.31
2002-04-03,1.64
2002-04-04,1.31
2002-04-05,1.48
2002-04-06,2.0
2002-04-07,1.54
2002-04-08,1.69
2002-04-09,1.21
2002-04-10,1.87
2002-04-11,1.78
2002-04-12,1.54
2002-04-13,1.73
2002-04-14,1.86
2002-04-15,1.51
2002-04-16,1.27
2002-04-17,2.45
2002-04-18,1.57
2002-04-19,1.77
2002-04-20,2.16
2002-04-21,3.07
2002-04-22,1.35
2002-04-23,1.96
2002-04-24,1.55
2002-04-25,1.61
2002-04-26,1.54
2002-04-27,1.39
2002-04-28,1.79
2002-04-29,1.27
2002-04-30,2.14
2002-05-01,2.57
2002-05-02,2.39
2002-05-03,2.98
2002-05-04,2.6
2002-05-05,3.21
2002-05-06,2.28
2002-05-07,2.82
2002-05-08,3.18
2002-05-09,1.64
2002-05-10,3.99
2002-05-11,2.64
2002-05-12,1.67
2002-05-13,2.89
2002-05-14,2.82
2002-05-15,2.75
2002-05-16,3.36
2002-05-17,3.22
2002-05-18,2.97
2002-05-19,3.05
2002-05-20,2.74
2002-05-21,3.79
2002-05-22,1.97
2002-05-23,2.88
2002-05-24,2.84
2002-05-25,3.26
2002-05-26,2.33
2002-05-27,1.82
2002-05-28,2.89
2002-05-29,2.96
2002-05-30,3.63
2002-05-31,2.09
2002-06-01,3.71
2002-06-02,3.11
2002-06-03,3.28
2002-06-04,3.26
2002-06-05,3.06
2002-06-06,4.36
2002-06-07,3.82
2002-06-08,3.68
2002-06-09,4.07
2002-06-10,3.31
2002-06-11,2.96
2002-06-12,3.08
2002-06-13,3.5
2002-06-14,2.76
2002-06-15,3.15
2002-06-16,3.14
2002-06-17,4.99
2002-06-18,1.56
2002-06-19,3.37
2002-06-20,4.71
2002-06-21,3.59
2002-06-22,4.03
2002-06-23,3.57
2002-06-24,3.03
2002-06-25,1.93
2002-06-26,3.64
2002-06-27,2.96
2002-06-28,2.94
2002-06-29,3.15
2002-06-30,4.72
2002-07-01,3.66
2002-07-02,4.53
2002-07-03,3.78
2002-07-04,3.11
2002-07-05,3.02
2002-07-06,3.37
2002-07-07,3.75
2002-07-08,4.58
2002-07-09,2.71
2002-07-10,3.46
2002-07-11,3.81
2002-07-12,2.34
2002-07-13,3.08
2002-07-14,3.2
2002-07-15,3.11
2002-07-16,3.84
2002-07-17,3.58
2002-07-18,3.29
2002-07-19,4.02
2002-07-20,4.98
2002-07-21,4.91
2002-07-22,2.28
2002-07-23,4.13
2002-07-24,3.57
2002-07-25,3.81
2002-07-26,3.41
2002-07-27,3.79
2002-07-28,3.81
2002-07-29,3.27
2002-07-30,3.04
2002-07-31,3.37
2002-08-01,3.48
2002-08-02,3.31
2002-08-03,1.67
2002-08-04,2.77
2002-08-05,2.89
2002-08-06,2.0
2002-08-07,2.46
2002-08-08,1.93
2002-08-09,3.18
2002-08-10,3.72
2002-08-11,3.91
2002-08-12,3.47
2002-08-13,2.58
2002-08-14,1.96
2002-08-15,2.08
2002-08-16,2.39
2002-08-17,2.63
2002-08-18,3.1
2002-08-19,2.55
2002-08-20,3.42
2002-08-21,3.05
2002-08-22,3.21
2002-08-23,3.93
2002-08-24,2.44
2002-08-25,3.47
2002-08-26,3.19
2002-08-27,2.99
2002-08-28,3.77
2002-08-29,3.76
2002-08-30,2.59
2002-08-31,3.08
2002-09-01,2.71
2002-09-02,2.48
2002-09-03,2.13
2002-09-04,2.8
2002-09-05,1.16
2002-09-06,3.1
2002-09-07,1.45
2002-09-08,1.92
2002-09-09,2.18
2002-09-10,2.14
2002-09-11,2.64
2002-09-12,1.73
2002-09-13,2.31
2002-09-14,1.95
2002-09-15,2.33
2002-09-16,2.17
2002-09-17,2.24
2002-09-18,1.96
2002-09-19,1.98
2002-09-20,2.33
2002-09-21,2.62
2002-09-22,1.94
2002-09-23,1.82
2002-09-24,2.47
2002-09-25,2.19
2002-09-26,2.57
2002-09-27,1.8
2002-09-28,1.42
2002-09-29,1.97
2002-09-30,1.86
2002-10-01,1.41
2002-10-02,0.91
2002-10-03,1.08
2002-10-04,1.0
2002-10-05,0.84
2002-10-06,1.03
2002-10-07,1.34
2002-10-08,1.22
2002-10-09,1.24
2002-10-10,1.13
2002-10-11,1.22
2002-10-12,0.92
2002-10-13,1.03
2002-10-14,1.14
2002-10-15,1.16
2002-10-16,1.17
2002-10-17,1.07
2002-10-18,1.02
2002-10-19,1.79
2002-10-20,1.3
2002-10-21,1.19
2002-10-22,1.05
2002-10-23,1.0
2002-10-24,1.07
2002-10-25,1.16
2002-10-26,0.69
2002-10-27,0.75
2002-10-28,0.96
2002-10-29,1.15
2002-10-30,1.05
2002-10-31,1.43
2002-11-01,0.3
2002-11-02,0.2
2002-11-03,0.41
2002-11-04,0.38
2002-11-05,0.32
2002-11-06,0.26
2002-11-07,0.34
2002-11-08,0.38
2002-11-09,0.45
2002-11-10,0.42
2002-11-11,0.53
2002-11-12,0.32
2002-11-13,0.47
2002-11-14,0.4
2002-11-15,0.46
2002-11-16,0.37
2002-11-17,0.49
2002-11-18,0.42
2002-11-19,0.35
2002-11-20,0.4
2002-11-21,0.38
2002-11-22,0.44
2002-11-23,0.31
2002-11-24,0.4
2002-11-25,0.43
2002-11-26,0.4
2002-11-27,0.51
2002-11-28,0.46
2002-11-29,0.4
2002-11-30,0.42
2002-12-01,0.09
2002-12-02,0.08
2002-12-03,0.09
2002-12-04,0.09
2002-12-05,0.1
2002-12-06,0.07
2002-12-07,0.07
2002-12-08,0.11
2002-12-09,0.08
2002-12-10,0.12
2002-12-11,0.1
2002-12-12,0.11
2002-12-13,0.13
2002-12-14,0.09
2002-12-15,0.09
2002-12-16,0.12
2002-12-17,0.11
2002-12-18,0.1
2002-12-19,0.13
2002-12-20,0.1
2002-12-21,0.1
2002-12-22,0.1
2002-12-23,0.08
2002-12-24,0.1
2002-12-25,0.13
2002-12-26,0.11
2002-12-27,0.1
2002-12-28,0.1
2002-12-29,0.11
2002-12-30,0.11
2002-12-31,0.11
2003-01-01,0.19
2003-01-02,0.14
2003-01-03,0.25
2003-01-04,0.17
2003-01-05,0.2
2003-01-06,0.22
2003-01-07,0.21
2003-01-08,0.24
2003-01-09,0.22
2003-01-10,0.17
2003-01-11,0.29
2003-01-12,0.21
2003-01-13,0.19
2003-01-14,0.24
2003-01-15,0.21
2003-01-16,0.22
2003-01-17,0.3
2003-01-18,0.19
2003-01-19,0.19
2003-01-20,0.2
2003-01-21,0.24
2003-01-22,0.14
2003-01-23,0.12
2003-01-24,0.18
2003-01-25,0.13
2003-01-26,0.18
2003-01-27,0.22
2003-01-28,0.16
2003-01-29,0.14
2003-01-30,0.2
2003-01-31,0.23
2003-02-01,0.3
2003-02-02,0.45
2003-02-03,0.33
2003-02-04,0.31
2003-02-05,0.37
2003-02-06,0.35
2003-02-07,0.38
2003-02-08,0.28
2003-02-09,0.48
2003-02-10,0.49
2003-02-11,0.24
2003-02-12,0.48
2003-02-13,0.34
2003-02-14,0.47
2003-02-15,0.39
2003-02-16,0.4
2003-02-17,0.39
2003-02-18,0.5
2003-02-19,0.3
2003-02-20,0.45
2003-02-21,0.49
2003-02-22,0.46
2003-02-23,0.59
2003-02-24,0.36
2003-02-25,0.48
2003-02-26,0.39
2003-02-27,0.5
2003-02-28,0.4
2003-03-01,1.35
2003-03-02,0.74
2003-03-03,1.01
2003-03-04,1.18
2003-03-05,1.08
2003-03-06,0.99
2003-03-07,0.66
2003-03-08,0.84
2003-03-09,1.04
2003-03-10,0.84
2003-03-11,1.04
2003-03-12,1.14
2003-03-13,1.19
2003-03-14,0.75
2003-03-15,1.44
2003-03-16,1.15
2003-03-17,1.0
2003-03-18,1.22
2003-03-19,1.47
2003-03-20,0.71
2003-03-21,0.95
2003-03-22,0.52
2003-03-23,1.04
2003-03-24,1.07
2003-03-25,0.99
2003-03-26,0.87
2003-03-27,0.59
2003-03-28,1.07
2003-03-29,1.29
2003-03-30,0.88
2003-03-31,1.09
2003-04-01,1.82
2003-04-02,1.95
2003-04-03,1.63
2003-04-04,1.67
2003-04-05,1.9
2003-04-06,1.38
2003-04-07,1.67
2003-04-08,1.49
2003-04-09,1.48
2003-04-10,1.04
2003-04-11,2.28
2003-04-12,1.55
2003-04-13,2.22
2003-04-14,2.18
2003-04-15,1.34
2003-04-16,1.41
2003-04-17,2.72
2003-04-18,2.43
2003-04-19,1.79
2003-04-20,1.89
2003-04-21,1.57
2003-04-22,1.96
2003-04-23,1.54
2003-04-24,1.07
2003-04-25,1.32
2003-04-26,1.81
2003-04-27,1.39
2003-04-28,1.78
2003-04-29,1.41
2003-04-30,1.52
2003-05-01,3.45
2003-05-02,4.13
2003-05-03,2.59
2003-05-04,2.08
2003-05-05,2.57
2003-05-06,2.81
2003-05-07,3.12
2003-05-08,2.47
2003-05-09,3.67
2003-05-10,2.18
2003-05-11,1.83
2003-05-12,3.42
2003-05-13,1.53
2003-05-14,2.69
2003-05-15,4.55
2003-05-16,2.79
2003-05-17,2.17
2003-05-18,2.77
2003-05-19,2.77
2003-05-20,2.89
2003-05-21,3.17
2003-05-22,2.22
2003-05-23,3.75
2003-05-24,2.94
2003-05-25,3.21
2003-05-26,2.45
2003-05-27,3.52
2003-05-28,2.66
2003-05-29,2.96
2003-05-30,2.28
2003-05-31,2.24
2003-06-01,5.18
2003-06-02,3.65
2003-06-03,3.17
2003-06-04,2.68
2003-06-05,3.83
2003-06-06,4.75
2003-06-07,3.33
2003-06-08,1.83
2003-06-09,3.97
2003-06-10,4.19
2003-06-11,2.39
2003-06-12,3.62
2003-06-13,3.82
2003-06-14,3.45
2003-06-15,2.95
2003-06-16,4.21
2003-06-17,3.22
2003-06-18,2.46
2003-06-19,2.07
2003-06-20,4.38
2003-06-21,3.93
2003-06-22,3.56
2003-06-23,3.19
2003-06-24,3.13
2003-06-25,2.75
2003-06-26,3.2
2003-06-27,2.02
2003-06-28,2.98
2003-06-29,3.28
2003-06-30,3.93
2003-07-01,3.87
2003-07-02,4.14
2003-07-03,4.33
2003-07-04,3.33
2003-07-05,3.91
2003-07-06,4.41
2003-07-07,4.56
2003-07-08,3.66
2003-07-09,3.54
2003-07-10,3.84
2003-07-11,2.85
2003-07-12,3.56
2003-07-13,4.25
2003-07-14,4.18
2003-07-15,3.5
2003-07-16,3.86
2003-07-17,3.09
2003-07-18,4.22
2003-07-19,3.64
2003-07-20,3.5
2003-07-21,3.43
2003-07-22,3.65
2003-07-23,3.37
2003-07-24,4.19
2003-07-25,3.41
2003-07-26,4.88
2003-07-27,4.78
2003-07-28,3.04
2003-07-29,3.75
2003-07-30,3.22
2003-07-31,3.46
2003-08-01,3.38
2003-08-02,3.03
2003-08-03,3.57
2003-08-04,3.38
2003-08-05,4.37
2003-08-06,2.22
2003-08-07,3.12
2003-08-08,2.62
2003-08-09,3.59
2003-08-10,2.17
2003-08-11,3.42
2003-08-12,2.8
2003-08-13,2.73
2003-08-14,2.27
2003-08-15,2.9
2003-08-16,3.89
2003-08-17,3.18
2003-08-18,3.6
2003-08-19,4.27
2003-08-20,3.37
2003-08-21,2.84
2003-08-22,3.5
2003-08-23,2.85
2003-08-24,2.88
2003-08-25,2.23
2003-08-26,3.79
2003-08-27,2.95
2003-08-28,3.32
2003-08-29,2.54
2003-08-30,3.48
2003-08-31,2.71
2003-09-01,2.17
2003-09-02,1.92
2003-09-03,2.53
2003-09-04,2.07
2003-09-05,2.27
2003-09-06,2.27
2003-09-07,2.29
2003-09-08,2.19
2003-09-09,2.42
2003-09-10,1.85
2003-09-11,2.82
2003-09-12,2.1
2003-09-13,1.62
2003-09-14,2.28
2003-09-15,1.83
2003-09-16,2.49
2003-09-17,3.17
2003-09-18,1.85
2003-09-19,2.35
2003-09-20,1.43
2003-09-21,2.4
2003-09-22,1.81
2003-09-23,1.93
2003-09-24,1.72
2003-09-25,2.52
2003-09-26,2.64
2003-09-27,2.21
2003-09-28,1.82
2003-09-29,2.9
2003-09-30,1.87
2003-10-01,0.77
2003-10-02,0.93
2003-10-03,1.43
2003-10-04,1.13
2003-10-05,1.29
2003-10-06,1.55
2003-10-07,0.95
2003-10-08,1.08
2003-10-09,1.04
2003-10-10,0.67
2003-10-11,1.03
2003-10-12,1.29
2003-10-13,1.22
2003-10-14,1.24
2003-10-15,1.02
2003-10-16,0.96
2003-10-17,1.38
2003-10-18,0.99
2003-10-19,1.16
2003-10-20,1.14
2003-10-21,1.42
2003-10-22,1.31
2003-10-23,0.82
2003-10-24,0.84
2003-10-25,1.23
2003-10-26,1.09
2003-10-27,1.0
2003-10-28,1.32
2003-10-29,1.14
2003-10-30,1.11
2003-10-31,1.27
2003-11-01,0.42
2003-11-02,0.43
2003-11-03,0.25
2003-11-04,0.38
2003-11-05,0.28
2003-11-06,0.5
2003-11-07,0.4
2003-11-08,0.38
2003-11-09,0.47
2003-11-10,0.43
2003-11-11,0.31
2003-11-12,0.39
2003-11-13,0.37
2003-11-14,0.26
2003-11-15,0.34
2003-11-16,0.39
2003-11-17,0.39
2003-11-18,0.28
2003-11-19,0.49
2003-11-20,0.39
2003-11-21,0.4
2003-11-22,0.43
2003-11-23,0.34
2003-11-24,0.44
2003-11-25,0.37
2003-11-26,0.33
2003-11-27,0.45
2003-11-28,0.52
2003-11-29,0.46
2003-11-30,0.47
2003-12-01,0.09
2003-12-02,0.11
2003-12-03,0.11
2003-12-04,0.08
2003-12-05,0.1
2003-12-06,0.06
2003-12-07,0.11
2003-12-08,0.11
2003-12-09,0.11
2003-12-10,0.09
2003-12-11,0.11
2003-12-12,0.13
2003-12-13,0.13
2003-12-14,0.1
2003-12-15,0.1
2003-12-16,0.12
2003-12-17,0.07
2003-12-18,0.09
2003-12-19,0.13
2003-12-20,0.12
2003-12-21,0.11
2003-12-22,0.07
2003-12-23,0.1
2003-12-24,0.09
2003-12-25,0.11
2003-12-26,0.08
2003-12-27,0.08
2003-12-28,0.06
2003-12-29,0.12
2003-12-30,0.09
2003-12-31,0.1
2004-01-01,0.13
2004-01-02,0.23
2004-01-03,0.23
2004-01-04,0.24
2004-01-05,0.25
2004-01-06,0.29
2004-01-07,0.19
2004-01-08,0.2
2004-01-09,0.18
2004-01-10,0.2
2004-01-11,0.26
2004-01-12,0.15
2004-01-13,0.17
2004-01-14,0.26
2004-01-15,0.24
2004-01-16,0.19
2004-01-17,0.23
2004-01-18,0.21
2004-01-19,0.26
2004-01-20,0.2
2004-01-21,0.24
2004-01-22,0.31
2004-01-23,0.22
2004-01-24,0.2
2004-01-25,0.23
2004-01-26,0.19
2004-01-27,0.3
2004-01-28,0.21
2004-01-29,0.19
2004-01-30,0.17
2004-01-31,0.24
2004-02-01,0.37
2004-02-02,0.5
2004-02-03,0.36
2004-02-04,0.29
2004-02-05,0.36
2004-02-06,0.45
2004-02-07,0.51
2004-02-08,0.41
2004-02-09,0.51
2004-02-10,0.29
2004-02-11,0.36
2004-02-12,0.38
2004-02-13,0.39
2004-02-14,0.41
2004-02-15,0.46
2004-02-16,0.36
2004-02-17,0.41
2004-02-18,0.4
2004-02-19,0.33
2004-02-20,0.39
2004-02-21,0.39
2004-02-22,0.39
2004-02-23,0.4
2004-02-24,0.41
2004-02-25,0.37
2004-02-26,0.5
2004-02-27,0.31
2004-02-28,0.34
2004-02-29,0.62
2004-03-01,0.69
2004-03-02,1.09
2004-03-03,0.92
2004-03-04,0.85
2004-03-05,0.85
2004-03-06,0.92
2004-03-07,1.08
2004-03-08,0.74
2004-03-09,0.92
2004-03-10,0.99
2004-03-11,0.78
2004-03-12,1.36
2004-03-13,0.83
2004-03-14,0.87
2004-03-15,0.8
2004-03-16,1.36
2004-03-17,1.11
2004-03-18,0.81
2004-03-19,1.22
2004-03-20,1.04
2004-03-21,1.05
2004-03-22,0.93
2004-03-23,0.85
2004-03-24,1.07
2004-03-25,0.89
2004-03-26,1.36
2004-03-27,0.75
2004-03-28,1.31
2004-03-29,0.98
2004-03-30,1.06
2004-03-31,1.17
2004-04-01,2.11
2004-04-02,1.89
2004-04-03,1.8
2004-04-04,2.12
2004-04-05,1.97
2004-04-06,2.32
2004-04-07,1.63
2004-04-08,1.65
2004-04-09,1.33
2004-04-10,1.65
2004-04-11,2.15
2004-04-12,2.27
2004-04-13,2.15
2004-04-14,1.15
2004-04-15,2.19
2004-04-16,1.14
2004-04-17,2.12
2004-04-18,1.67
2004-04-19,2.05
2004-04-20,1.32
2004-04-21,2.22
2004-04-22,1.27
2004-04-23,1.56
2004-04-24,1.44
2004-04-25,1.17
2004-04-26,1.83
2004-04-27,2.45
2004-04-28,2.76
2004-04-29,1.83
2004-04-30,2.2
2004-05-01,3.19
2004-05-02,2.55
2004-05-03,2.32
2004-05-04,2.44
2004-05-05,3.19
2004-05-06,2.45
2004-05-07,2.73
2004-05-08,2.81
2004-05-09,1.73
2004-05-10,1.98
2004-05-11,2.99
2004-05-12,2.39
2004-05-13,3.39
2004-05-14,3.34
2004-05-15,3.2
2004-05-16,3.82
2004-05-17,2.75
2004-05-18,3.16
2004-05-19,2.47
2004-05-20,4.17
2004-05-21,3.91
2004-05-22,2.81
2004-05-23,3.02
2004-05-24,3.56
2004-05-25,2.72
2004-05-26,2.43
2004-05-27,3.29
2004-05-28,2.84
2004-05-29,2.9
2004-05-30,2.33
2004-05-31,1.84
2004-06-01,3.47
2004-06-02,4.06
2004-06-03,4.44
2004-06-04,4.24
2004-06-05,3.83
2004-06-06,3.51
2004-06-07,2.81
2004-06-08,4.02
2004-06-09,4.68
2004-06-10,3.74
2004-06-11,4.84
2004-06-12,2.43
2004-06-13,2.69
2004-06-14,4.1
2004-06-15,3.69
2004-06-16,4.42
2004-06-17,3.49
2004-06-18,2.89
2004-06-19,3.35
2004-06-20,2.43
2004-06-21,2.71
2004-06-22,4.18
2004-06-23,4.11
2004-06-24,3.75
2004-06-25,2.3
2004-06-26,3.25
2004-06-27,2.64
2004-06-28,4.32
2004-06-29,3.09
2004-06-30,2.74
2004-07-01,5.18
2004-07-02,3.47
2004-07-03,3.97
2004-07-04,4.1
2004-07-05,2.96
2004-07-06,3.07
2004-07-07,2.81
2004-07-08,3.04
2004-07-09,1.59
2004-07-10,4.1
2004-07-11,5.22
2004-07-12,3.81
2004-07-13,2.65
2004-07-14,3.22
2004-07-15,3.36
2004-07-16,2.95
2004-07-17,4.34
2004-07-18,4.3
2004-07-19,2.84
2004-07-20,4.24
2004-07-21,4.83
2004-07-22,5.11
2004-07-23,5.82
2004-07-24,3.03
2004-07-25,5.79
2004-07-26,3.44
2004-07-27,3.26
2004-07-28,3.94
2004-07-29,3.27
2004-07-30,4.0
2004-07-31,2.72
2004-08-01,3.11
2004-08-02,3.76
2004-08-03,3.71
2004-08-04,3.19
2004-08-05,2.07
2004-08-06,5.12
2004-08-07,4.32
2004-08-08,3.66
2004-08-09,2.72
2004-08-10,3.13
2004-08-11,2.85
2004-08-12,4.01
2004-08-13,3.37
2004-08-14,2.7
2004-08-15,2.9
2004-08-16,3.92
2004-08-17,4.22
2004-08-18,4.18
2004-08-19,3.68
2004-08-20,3.04
2004-08-21,1.13
2004-08-22,3.39
2004-08-23,3.2
2004-08-24,3.29
2004-08-25,3.23
2004-08-26,2.35
2004-08-27,3.56
2004-08-28,3.6
2004-08-29,3.64
2004-08-30,3.81
2004-08-31,3.59
2004-09-01,1.25
2004-09-02,2.4
2004-09-03,1.71
2004-09-04,2.63
2004-09-05,2.03
2004-09-06,2.47
2004-09-07,2.82
2004-09-08,1.67
2004-09-09,1.95
2004-09-10,2.17
2004-09-11,2.88
2004-09-12,1.91
2004-09-13,1.94
2004-09-14,2.41
2004-09-15,1.95
2004-09-16,2.27
2004-09-17,1.52
2004-09-18,3.17
2004-09-19,1.61
2004-09-20,2.06
2004-09-21,2.19
2004-09-22,3.04
2004-09-23,1.62
2004-09-24,3.07
2004-09-25,2.53
2004-09-26,2.38
2004-09-27,1.77
2004-09-28,2.45
2004-09-29,1.88
2004-09-30,2.76
2004-10-01,1.02
2004-10-02,1.45
2004-10-03,0.93
2004-10-04,1.24
2004-10-05,1.42
2004-10-06,0.8
2004-10-07,1.02
2004-10-08,1.35
2004-10-09,1.35
2004-10-10,1.06
2004-10-11,0.94
2004-10-12,1.31
2004-10-13,1.36
2004-10-14,0.84
2004-10-15,0.84
2004-10-16,1.15
2004-10-17,1.24
2004-10-18,1.03
2004-10-19,1.25
2004-10-20,0.94
2004-10-21,0.63
2004-10-22,1.01
2004-10-23,1.11
2004-10-24,1.04
2004-10-25,0.85
2004-10-26,0.7
2004-10-27,0.99
2004-10-28,1.3
2004-10-29,1.38
2004-10-30,1.36
2004-10-31,0.92
2004-11-01,0.36
2004-11-02,0.27
2004-11-03,0.52
2004-11-04,0.56
2004-11-05,0.52
2004-11-06,0.37
2004-11-07,0.31
2004-11-08,0.31
2004-11-09,0.27
2004-11-10,0.39
2004-11-11,0.53
2004-11-12,0.39
2004-11-13,0.42
2004-11-14,0.51
2004-11-15,0.37
2004-11-16,0.56
2004-11-17,0.56
2004-11-18,0.39
2004-11-19,0.35
2004-11-20,0.46
2004-11-21,0.37
2004-11-22,0.31
2004-11-23,0.5
2004-11-24,0.5
2004-11-25,0.41
2004-11-26,0.3
2004-11-27,0.3
2004-11-28,0.41
2004-11-29,0.36
2004-11-30,0.37
2004-12-01,0.1
2004-12-02,0.08
2004-12-03,0.07
2004-12-04,0.08
2004-12-05,0.09
2004-12-06,0.11
2004-12-07,0.08
2004-12-08,0.13
2004-12-09,0.12
2004-12-10,0.12
2004-12-11,0.1
2004-12-12,0.13
2004-12-13,0.1
2004-12-14,0.1
2004-12-15,0.1
2004-12-16,0.11
2004-12-17,0.11
2004-12-18,0.09
2004-12-19,0.09
2004-12-20,0.11
2004-12-21,0.11
2004-12-22,0.09
2004-12-23,0.07
2004-12-24,0.1
2004-12-25,0.11
2004-12-26,0.14
2004-12-27,0.08
2004-12-28,0.09
2004-12-29,0.09
2004-12-30,0.13
2004-12-31,0.1
